2025-12-09 18:19:15.702461,2025-12-09 18:19:15.802889,100,experiment_serverless_1_88deeea2-d52b-11f0-b237-01ac8b8279f3,/home/ubuntu/project/openwhisk/test_function.py,warm
2025-12-09 18:19:16.487452,2025-12-09 18:19:18.558569,2071,experiment_serverless_1_939edc94-d52b-11f0-b237-01ac8b8279f3,/home/ubuntu/project/openwhisk/test_function.py,cold
2025-12-09 18:19:19.281114,2025-12-09 18:19:19.367715,86,experiment_serverless_1_939edc94-d52b-11f0-b237-01ac8b8279f3,/home/ubuntu/project/openwhisk/test_function.py,warm
2025-12-09 18:19:20.048541,2025-12-09 18:19:20.129964,81,experiment_serverless_1_932e7e4a-d52b-11f0-b237-01ac8b8279f3,/home/ubuntu/project/openwhisk/test_function.py,warm
2025-12-09 18:19:20.720945,2025-12-09 18:19:22.789547,2068,experiment_serverless_1_96255772-d52b-11f0-b237-01ac8b8279f3,/home/ubuntu/project/openwhisk/test_function.py,cold
2025-12-09 18:19:23.510599,2025-12-09 18:19:23.608672,98,experiment_serverless_1_96255772-d52b-11f0-b237-01ac8b8279f3,/home/ubuntu/project/openwhisk/test_function.py,warm
2025-12-09 18:19:24.225103,2025-12-09 18:19:26.291761,2066,experiment_serverless_1_983bd996-d52b-11f0-b237-01ac8b8279f3,/home/ubuntu/project/openwhisk/test_function.py,cold
2025-12-09 18:19:26.926358,2025-12-09 18:19:26.994708,68,experiment_serverless_1_983bd996-d52b-11f0-b237-01ac8b8279f3,/home/ubuntu/project/openwhisk/test_function.py,warm
2025-12-09 18:19:27.620331,2025-12-09 18:19:29.691357,2071,experiment_serverless_1_9a425ea4-d52b-11f0-b237-01ac8b8279f3,/home/ubuntu/project/openwhisk/test_function.py,cold
2025-12-09 18:19:30.308697,2025-12-09 18:19:30.472675,163,experiment_serverless_1_9a425ea4-d52b-11f0-b237-01ac8b8279f3,/home/ubuntu/project/openwhisk/test_function.py,warm
2025-12-09 18:19:31.129920,2025-12-09 18:19:31.194891,64,experiment_serverless_1_9956f018-d52b-11f0-b237-01ac8b8279f3,/home/ubuntu/project/openwhisk/test_function.py,warm
2025-12-09 18:19:31.821090,2025-12-09 18:19:33.906664,2085,experiment_serverless_1_9cc4ff60-d52b-11f0-b237-01ac8b8279f3,/home/ubuntu/project/openwhisk/test_function.py,cold
2025-12-09 18:19:34.617178,2025-12-09 18:19:34.760805,143,experiment_serverless_1_9cc4ff60-d52b-11f0-b237-01ac8b8279f3,/home/ubuntu/project/openwhisk/test_function.py,warm
2025-12-09 18:19:35.442649,2025-12-09 18:19:35.551679,109,experiment_serverless_1_9d7df272-d52b-11f0-b237-01ac8b8279f3,/home/ubuntu/project/openwhisk/test_function.py,warm
2025-12-09 18:19:36.164734,2025-12-09 18:19:38.231325,2066,experiment_serverless_1_9f594fe2-d52b-11f0-b237-01ac8b8279f3,/home/ubuntu/project/openwhisk/test_function.py,cold
2025-12-09 18:19:38.887993,2025-12-09 18:19:38.960430,72,experiment_serverless_1_9f594fe2-d52b-11f0-b237-01ac8b8279f3,/home/ubuntu/project/openwhisk/test_function.py,warm
2025-12-09 18:19:39.612865,2025-12-09 18:19:41.705553,2092,experiment_serverless_1_a16b9a92-d52b-11f0-b237-01ac8b8279f3,/home/ubuntu/project/openwhisk/test_function.py,cold
2025-12-09 18:19:42.498511,2025-12-09 18:19:42.632325,133,experiment_serverless_1_a16b9a92-d52b-11f0-b237-01ac8b8279f3,/home/ubuntu/project/openwhisk/test_function.py,warm
2025-12-09 18:19:43.230931,2025-12-09 18:19:45.300540,2069,experiment_serverless_1_a38fc960-d52b-11f0-b237-01ac8b8279f3,/home/ubuntu/project/openwhisk/test_function.py,cold
2025-12-09 18:19:46.037528,2025-12-09 18:19:46.129982,92,experiment_serverless_1_a38fc960-d52b-11f0-b237-01ac8b8279f3,/home/ubuntu/project/openwhisk/test_function.py,warm
2025-12-09 18:19:46.975100,2025-12-09 18:19:47.134463,159,experiment_serverless_1_a4424b58-d52b-11f0-b237-01ac8b8279f3,/home/ubuntu/project/openwhisk/test_function.py,warm
2025-12-09 18:19:47.833782,2025-12-09 18:19:48.002736,168,experiment_serverless_1_a4424b59-d52b-11f0-b237-01ac8b8279f3,/home/ubuntu/project/openwhisk/test_function.py,warm
2025-12-09 18:19:48.594875,2025-12-09 18:19:50.665561,2070,experiment_serverless_1_a6c2f2c4-d52b-11f0-b237-01ac8b8279f3,/home/ubuntu/project/openwhisk/test_function.py,cold
2025-12-09 18:19:51.290436,2025-12-09 18:19:51.363766,73,experiment_serverless_1_a6c2f2c4-d52b-11f0-b237-01ac8b8279f3,/home/ubuntu/project/openwhisk/test_function.py,warm
2025-12-09 18:19:51.952303,2025-12-09 18:19:54.022361,2070,experiment_serverless_1_a8c30406-d52b-11f0-b237-01ac8b8279f3,/home/ubuntu/project/openwhisk/test_function.py,cold
2025-12-09 18:19:54.629963,2025-12-09 18:19:54.707252,77,experiment_serverless_1_a8c30406-d52b-11f0-b237-01ac8b8279f3,/home/ubuntu/project/openwhisk/test_function.py,warm
2025-12-09 18:19:55.287644,2025-12-09 18:19:57.357718,2070,experiment_serverless_1_aabf89aa-d52b-11f0-b237-01ac8b8279f3,/home/ubuntu/project/openwhisk/test_function.py,cold
2025-12-09 18:19:57.944356,2025-12-09 18:19:58.019316,74,experiment_serverless_1_aabf89aa-d52b-11f0-b237-01ac8b8279f3,/home/ubuntu/project/openwhisk/test_function.py,warm
2025-12-09 18:19:58.609183,2025-12-09 18:20:00.680536,2071,experiment_serverless_1_acbabefa-d52b-11f0-b237-01ac8b8279f3,/home/ubuntu/project/openwhisk/test_function.py,cold
2025-12-09 18:20:01.350082,2025-12-09 18:20:01.554462,204,experiment_serverless_1_acbabefa-d52b-11f0-b237-01ac8b8279f3,/home/ubuntu/project/openwhisk/test_function.py,warm
2025-12-09 18:20:02.232878,2025-12-09 18:20:04.364748,2131,experiment_serverless_1_aeeca83c-d52b-11f0-b237-01ac8b8279f3,/home/ubuntu/project/openwhisk/test_function.py,cold
2025-12-09 18:20:04.990889,2025-12-09 18:20:05.089482,98,experiment_serverless_1_aeeca83c-d52b-11f0-b237-01ac8b8279f3,/home/ubuntu/project/openwhisk/test_function.py,warm
2025-12-09 18:20:05.708397,2025-12-09 18:20:07.777502,2069,experiment_serverless_1_b0f5c546-d52b-11f0-b237-01ac8b8279f3,/home/ubuntu/project/openwhisk/test_function.py,cold
2025-12-09 18:20:08.410797,2025-12-09 18:20:08.509752,98,experiment_serverless_1_b0f5c546-d52b-11f0-b237-01ac8b8279f3,/home/ubuntu/project/openwhisk/test_function.py,warm
2025-12-09 18:20:09.124816,2025-12-09 18:20:11.195902,2071,experiment_serverless_1_b2fef4d4-d52b-11f0-b237-01ac8b8279f3,/home/ubuntu/project/openwhisk/test_function.py,cold
2025-12-09 18:20:11.771153,2025-12-09 18:20:11.845826,74,experiment_serverless_1_b2fef4d4-d52b-11f0-b237-01ac8b8279f3,/home/ubuntu/project/openwhisk/test_function.py,warm
2025-12-09 18:20:12.457808,2025-12-09 18:20:14.530493,2072,experiment_serverless_1_b4fbc91a-d52b-11f0-b237-01ac8b8279f3,/home/ubuntu/project/openwhisk/test_function.py,cold
2025-12-09 18:20:15.178179,2025-12-09 18:20:15.279380,101,experiment_serverless_1_b4fbc91a-d52b-11f0-b237-01ac8b8279f3,/home/ubuntu/project/openwhisk/test_function.py,warm
2025-12-09 18:20:15.895302,2025-12-09 18:20:17.963478,2068,experiment_serverless_1_b7081768-d52b-11f0-b237-01ac8b8279f3,/home/ubuntu/project/openwhisk/test_function.py,cold
2025-12-09 18:20:18.592172,2025-12-09 18:20:18.741803,149,experiment_serverless_1_b7081768-d52b-11f0-b237-01ac8b8279f3,/home/ubuntu/project/openwhisk/test_function.py,warm
2025-12-09 18:20:19.336726,2025-12-09 18:20:21.405427,2068,experiment_serverless_1_b9150872-d52b-11f0-b237-01ac8b8279f3,/home/ubuntu/project/openwhisk/test_function.py,cold
2025-12-09 18:20:22.090239,2025-12-09 18:20:22.312923,222,experiment_serverless_1_b9150872-d52b-11f0-b237-01ac8b8279f3,/home/ubuntu/project/openwhisk/test_function.py,warm
2025-12-09 18:20:22.929200,2025-12-09 18:20:25.002728,2073,experiment_serverless_1_bb3a49be-d52b-11f0-b237-01ac8b8279f3,/home/ubuntu/project/openwhisk/test_function.py,cold
2025-12-09 18:20:25.650598,2025-12-09 18:20:25.761826,111,experiment_serverless_1_bb3a49be-d52b-11f0-b237-01ac8b8279f3,/home/ubuntu/project/openwhisk/test_function.py,warm
2025-12-09 18:20:26.349730,2025-12-09 18:20:28.418307,2068,experiment_serverless_1_bd432b54-d52b-11f0-b237-01ac8b8279f3,/home/ubuntu/project/openwhisk/test_function.py,cold
2025-12-09 18:20:29.067507,2025-12-09 18:20:29.340669,273,experiment_serverless_1_bd432b54-d52b-11f0-b237-01ac8b8279f3,/home/ubuntu/project/openwhisk/test_function.py,warm
2025-12-09 18:20:29.945759,2025-12-09 18:20:32.013626,2067,experiment_serverless_1_bf67a298-d52b-11f0-b237-01ac8b8279f3,/home/ubuntu/project/openwhisk/test_function.py,cold
2025-12-09 18:20:32.646226,2025-12-09 18:20:32.745826,99,experiment_serverless_1_bf67a298-d52b-11f0-b237-01ac8b8279f3,/home/ubuntu/project/openwhisk/test_function.py,warm
2025-12-09 18:20:33.349947,2025-12-09 18:20:35.433695,2083,experiment_serverless_1_c16fb6f2-d52b-11f0-b237-01ac8b8279f3,/home/ubuntu/project/openwhisk/test_function.py,cold
2025-12-09 18:20:36.038898,2025-12-09 18:20:36.123431,84,experiment_serverless_1_c16fb6f2-d52b-11f0-b237-01ac8b8279f3,/home/ubuntu/project/openwhisk/test_function.py,warm
