timeStamp,elapsed,label,responseCode,responseMessage,threadName,dataType,success,failureMessage,bytes,sentBytes,grpThreads,allThreads,URL,Latency,IdleTime,Connect
1765304353990,1927,Invoke Serverless Function,200,OK,Load Test Thread Group 1-1,text,true,,307,0,1,1,null,0,0,0
1765304356422,2197,Invoke Serverless Function,200,OK,Load Test Thread Group 1-1,text,true,,135,0,1,1,null,0,0,0
1765304359120,287,Invoke Serverless Function,200,OK,Load Test Thread Group 1-1,text,true,,118,0,1,1,null,0,0,0
1765304359907,249,Invoke Serverless Function,200,OK,Load Test Thread Group 1-1,text,true,,118,0,1,1,null,0,0,0
1765304360657,2166,Invoke Serverless Function,200,OK,Load Test Thread Group 1-1,text,true,,135,0,1,1,null,0,0,0
1765304363323,343,Invoke Serverless Function,200,OK,Load Test Thread Group 1-1,text,true,,118,0,1,1,null,0,0,0
1765304364166,2152,Invoke Serverless Function,200,OK,Load Test Thread Group 1-1,text,true,,135,0,1,1,null,0,0,0
1765304366819,214,Invoke Serverless Function,200,OK,Load Test Thread Group 1-1,text,true,,118,0,1,1,null,0,0,0
1765304367536,2188,Invoke Serverless Function,200,OK,Load Test Thread Group 1-1,text,true,,135,0,1,1,null,0,0,0
1765304370226,299,Invoke Serverless Function,200,OK,Load Test Thread Group 1-1,text,true,,118,0,1,1,null,0,0,0
1765304371035,184,Invoke Serverless Function,200,OK,Load Test Thread Group 1-1,text,true,,118,0,1,1,null,0,0,0
1765304371720,2233,Invoke Serverless Function,200,OK,Load Test Thread Group 1-1,text,true,,135,0,1,1,null,0,0,0
1765304374455,360,Invoke Serverless Function,200,OK,Load Test Thread Group 1-1,text,true,,118,0,1,1,null,0,0,0
1765304375315,296,Invoke Serverless Function,200,OK,Load Test Thread Group 1-1,text,true,,118,0,1,1,null,0,0,0
1765304376113,2154,Invoke Serverless Function,200,OK,Load Test Thread Group 1-1,text,true,,135,0,1,1,null,0,0,0
1765304378768,249,Invoke Serverless Function,200,OK,Load Test Thread Group 1-1,text,true,,118,0,1,1,null,0,0,0
1765304379517,2241,Invoke Serverless Function,200,OK,Load Test Thread Group 1-1,text,true,,135,0,1,1,null,0,0,0
1765304382261,393,Invoke Serverless Function,200,OK,Load Test Thread Group 1-1,text,true,,118,0,1,1,null,0,0,0
1765304383154,2196,Invoke Serverless Function,200,OK,Load Test Thread Group 1-1,text,true,,135,0,1,1,null,0,0,0
1765304385851,317,Invoke Serverless Function,200,OK,Load Test Thread Group 1-1,text,true,,118,0,1,1,null,0,0,0
1765304386670,507,Invoke Serverless Function,200,OK,Load Test Thread Group 1-1,text,true,,118,0,1,1,null,0,0,0
1765304387678,361,Invoke Serverless Function,200,OK,Load Test Thread Group 1-1,text,true,,118,0,1,1,null,0,0,0
1765304388540,2147,Invoke Serverless Function,200,OK,Load Test Thread Group 1-1,text,true,,135,0,1,1,null,0,0,0
1765304391188,208,Invoke Serverless Function,200,OK,Load Test Thread Group 1-1,text,true,,118,0,1,1,null,0,0,0
1765304391896,2157,Invoke Serverless Function,200,OK,Load Test Thread Group 1-1,text,true,,135,0,1,1,null,0,0,0
1765304394553,182,Invoke Serverless Function,200,OK,Load Test Thread Group 1-1,text,true,,118,0,1,1,null,0,0,0
1765304395236,2142,Invoke Serverless Function,200,OK,Load Test Thread Group 1-1,text,true,,135,0,1,1,null,0,0,0
1765304397879,178,Invoke Serverless Function,200,OK,Load Test Thread Group 1-1,text,true,,118,0,1,1,null,0,0,0
1765304398557,2160,Invoke Serverless Function,200,OK,Load Test Thread Group 1-1,text,true,,135,0,1,1,null,0,0,0
1765304401225,381,Invoke Serverless Function,200,OK,Load Test Thread Group 1-1,text,true,,118,0,1,1,null,0,0,0
1765304402107,2280,Invoke Serverless Function,200,OK,Load Test Thread Group 1-1,text,true,,135,0,1,1,null,0,0,0
1765304404890,247,Invoke Serverless Function,200,OK,Load Test Thread Group 1-1,text,true,,118,0,1,1,null,0,0,0
1765304405637,2173,Invoke Serverless Function,200,OK,Load Test Thread Group 1-1,text,true,,135,0,1,1,null,0,0,0
1765304408313,250,Invoke Serverless Function,200,OK,Load Test Thread Group 1-1,text,true,,118,0,1,1,null,0,0,0
1765304409064,2149,Invoke Serverless Function,200,OK,Load Test Thread Group 1-1,text,true,,135,0,1,1,null,0,0,0
1765304411717,183,Invoke Serverless Function,200,OK,Load Test Thread Group 1-1,text,true,,118,0,1,1,null,0,0,0
1765304412401,2169,Invoke Serverless Function,200,OK,Load Test Thread Group 1-1,text,true,,135,0,1,1,null,0,0,0
1765304415071,264,Invoke Serverless Function,200,OK,Load Test Thread Group 1-1,text,true,,118,0,1,1,null,0,0,0
1765304415836,2153,Invoke Serverless Function,200,OK,Load Test Thread Group 1-1,text,true,,135,0,1,1,null,0,0,0
1765304418489,298,Invoke Serverless Function,200,OK,Load Test Thread Group 1-1,text,true,,118,0,1,1,null,0,0,0
1765304419288,2137,Invoke Serverless Function,200,OK,Load Test Thread Group 1-1,text,true,,135,0,1,1,null,0,0,0
1765304421925,431,Invoke Serverless Function,200,OK,Load Test Thread Group 1-1,text,true,,118,0,1,1,null,0,0,0
1765304422857,2189,Invoke Serverless Function,200,OK,Load Test Thread Group 1-1,text,true,,135,0,1,1,null,0,0,0
1765304425547,255,Invoke Serverless Function,200,OK,Load Test Thread Group 1-1,text,true,,118,0,1,1,null,0,0,0
1765304426302,2139,Invoke Serverless Function,200,OK,Load Test Thread Group 1-1,text,true,,135,0,1,1,null,0,0,0
1765304428941,448,Invoke Serverless Function,200,OK,Load Test Thread Group 1-1,text,true,,118,0,1,1,null,0,0,0
1765304429890,2154,Invoke Serverless Function,200,OK,Load Test Thread Group 1-1,text,true,,135,0,1,1,null,0,0,0
1765304432549,250,Invoke Serverless Function,200,OK,Load Test Thread Group 1-1,text,true,,118,0,1,1,null,0,0,0
1765304433299,2189,Invoke Serverless Function,200,OK,Load Test Thread Group 1-1,text,true,,135,0,1,1,null,0,0,0
1765304435989,164,Invoke Serverless Function,200,OK,Load Test Thread Group 1-1,text,true,,118,0,1,1,null,0,0,0
